# API/asset passthrough (before SPA)
/api/*          /api/:splat      200
/rv-loader.js   /rv-loader.js   200
/rv-config.js   /rv-config.js   200
/diagnose.js    /diagnose.js    200
/features/*     /features/:splat 200
/debug/*        /debug/:splat    200
/favicon.ico    /assets/rv-icon.png 200
/data/snapshots/rv-:splat.json /data/snapshots/:splat.json 200
/data/blocks/rv-:splat.latest.json /data/blocks/:splat.latest.json 200
/mission-control /mission-control/index.html 200
/ops /ops/index.html 200
/internal-dashboard.html /internal-dashboard 301
/internal-dashboard /internal-dashboard.html 200
 # TODO(v6): internal-dashboard.html can be removed once redirect compatibility is fully cleaned.
# common typo + ops alias
/internal-dahboard /internal-dashboard 301
/dev/internal-dashboard /internal-dashboard 301
# /ops is now the canonical owner view.
# Deep Links (Stock Analyzer)
/analyze /stock 200
/analyze/* /stock 200
/market / 200
/ideas / 200
/module/* / 200
/alert/* / 200
